<?xml version="1.0" encoding="utf-8"?>
<ProjectInfo>
	<Project Name="Scaledoku_WwiseProject" GUID="{63A2B02E-5B2B-4576-B56C-A8A1D78CC07B}" Generator="2023.1.2.8444"/>
	<CacheRoot>../../../../Scaledoku_WwiseProject/.cache</CacheRoot>
	<Platforms>
		<Platform Name="Mac" GUID="{53295778-B741-4D56-97E5-941632ED7AA2}" BasePlatform="Mac" BasePlatformGUID="{9C6217D5-DD11-4795-87C1-6CE02853C540}" Path="../../../../Scaledoku_WwiseProject/GeneratedSoundBanks/Mac"/>
		<Platform Name="Windows" GUID="{F779A34B-656E-4357-A66F-F769A982174F}" BasePlatform="Windows" BasePlatformGUID="{6E0CB257-C6C8-4C5C-8366-2740DFC441EB}" Path="../../../../Scaledoku_WwiseProject/GeneratedSoundBanks/Windows"/>
	</Platforms>
	<Languages>
		<Language Name="English(US)" Id="684519430" GUID="{E43B3637-7426-4B5B-888B-BBE956CF8F36}" Default="true" UseAsStandIn="true"/>
	</Languages>
	<FileHash>{6573B4D1-4E85-28AB-2241-4375CE0D1A8D}</FileHash>
</ProjectInfo>
